id,activity_type,image,name,tittle,desc,daily_mail_title,daily_mail_content,mail_award_type,mail_award_param1,mail_award_param2,mail_award_param3,mail_award_num,repeat_times,,,,,,,,
int32,int32,string,string,string,string,string,string,list<int32>,list<int32>,list<int32>,list<int32>,list<int32>,int32,,,,,,,,
ID,活动类型,背景图,活动名称,活动标题,文字说明,每日邮件标题,每日邮件内容,邮件奖励类型,邮件奖励参数,邮件奖励参数,邮件奖励参数,邮件奖励数量,循环次数,,,,,,,,
1,1,限时活动_高抽背景图,DATA_Activity1Name,DATA_Activity1tittle,DATA_Activity1Desc,DATA_ActivityMailTitle,DATA_Activity1MailContent,14,0,0,0,2,2,,,,,,,,
2,1,限时活动_寻宝背景图,DATA_Activity2Name,DATA_Activity2tittle,DATA_Activity2Desc,DATA_ActivityMailTitle,DATA_Activity2MailContent,16,0,0,0,1,0,,,,,,,,
3,1,限时活动_转盘背景图,DATA_Activity3Name,DATA_Activity3tittle,DATA_Activity3Desc,DATA_ActivityMailTitle,DATA_Activity3MailContent,"23,21","0,0","0,0","0,0","2,2",2,,,,,,,,
4,1,限时活动_升星背景图,DATA_Activity4Name,DATA_Activity4tittle,DATA_Activity4Desc,0,0,0,0,0,0,0,0,,,,,,,,
5,1,限时活动_英雄巨像,DATA_Activity5Name,DATA_Activity5tittle,DATA_Activity5Desc,DATA_ActivityMailTitle,DATA_Activity5MailContent,"18,6","0,1","0,0","0,5","1,10",2,,,,,,,,
6,1,限时活动_英雄收集,DATA_Activity6Name,DATA_Activity6tittle,DATA_Activity6Desc,0,0,0,0,0,0,0,0,,,,,,,,
7,1,限时活动_竞技场,DATA_Activity7Name,DATA_Activity7tittle,DATA_Activity7Desc,0,0,0,0,0,0,0,0,,,,,,,,
11,2,限时活动_超值促销活动,DATA_Activity11Name,DATA_Activity11tittle,DATA_Activity11Desc,0,0,0,0,0,0,0,0,,,,,,,,
21,4,限时活动_积累充值,DATA_Activity21Name,DATA_Activity21tittle,DATA_Activity21Desc,0,0,0,0,0,0,0,0,,,,,,,,
31,6,限时活动_天天充值,DATA_Activity31Name,DATA_Activity31tittle,DATA_Activity31Desc,0,0,0,0,0,0,0,0,,,,,,,,
,,,,,,,,,,,,,,,,,,,,,
,,,,,,,,,,,,,,,,,,,,,
,,,,,,,,,,,,,,,,,,,,,
,,,,,,,,,,,,,,,,,,,,,
,,,,,,,,,,,,,,,,,,,,,
,,,,,,,,,,,,,,,,,,,,,
,,,,,,,,,,,,,,,,,,,,,
,,,,,,,,,,,,,,,,,,,,,
,,,,,,,,,,,,,,,,,,,,,
,,,,,,,,,,,,,,,,,,,,,
,,,,,,,,,,,,,,,,,,,,,
,,,,,,,,,,,,,,,,,,,,,
,,,,,,,,,,,,,,,,,,,,,
,,,,,,,,,,,,,,,,,,,,,
,,,,,,,,,,,,,,,,,,,,,
,,,,,,,,,,,,,,,,,,,,,
,,,,,,,,,,,,,,,,,,,,,
,,,,,,,,,,,,,,,,,,,,,
,,,,,,,,,,,,,,,,,,,,,
,,,,,,,,,,,,,,,,,,,,,
,,,,,,,,,,,,,,,,,,,,,
,,,,,,,,,,,,,,,,,,,,,
,,,,,,,,,,,,,,,,,,,,,
,,,,,,,,,,,,,,,,,,,,,
,,,,,,,,,,,,,,,,,,,,,
